368,LIYK
279,YYMZ
937,MWUC
988,YUQO
425,VFXO
4,PWEL
603,AMSC
791,QOII
293,XOFV
564,WFHI
762,ZZLS
540,OBJA
815,NBEM
868,CGOU
534,HYYN
944,NIFI
383,XOHW
809,GJJP
12,AIHB
945,LOEA
623,IFZL
805,GGYF
862,LHNV
360,UHKM
222,ZSJD
307,NGCF
613,CIWV
973,OTBY
658,HCWD
533,TKDZ
151,MVFC
709,FZGK
938,BQUI
510,GRNV
929,DNTE
596,HPMV
246,ZOFZ
175,HDUY
464,WVJB
864,MXTY
46,CVIE
989,PEWG
953,TRSY
396,VZMI
339,LHYM
984,DUJY
288,DMFE
163,HNEN
667,JXHR
623,FTBT
290,IMCT
26,ICYN
973,LWFH
225,PTQR
713,JZDD
435,EFKI
617,PWFL
909,ZYYG
476,LOHI
194,WUYY
667,PPOZ
213,FERA
587,ZNST
367,WLKP
94,LRJZ
567,DUJG
445,JFVC
870,JACO
641,EUJW
812,NOKH
551,QRZB
40,ZHUK
949,LGZP
797,FBZM
167,LBZN
677,IZBV
965,XXYM
880,BUZC
123,IKLD
722,TQSB
807,UTCH
861,FGQM
795,ADJB
662,LBKI
3,FDZQ
448,NNUH
278,MMRL
251,ZNBA
479,ZMEU
868,AZXP
845,CUXW
929,WLRL
745,ZEGQ
651,ANQI
184,FOAT
573,XAYY
452,EXKI
911,NMQM
214,HPRZ
817,SULS
